{
  "trained": true,
  "note": "",
  "cv": {
    "logistic": {
      "accuracy": 0.5672014260249554,
      "precision": 0.6029761904761904,
      "recall": 0.5607843137254902,
      "f1": 0.5780594405594406
    },
    "decision_tree": {
      "accuracy": 0.5606060606060606,
      "precision": 0.6016328939602598,
      "recall": 0.5620915032679739,
      "f1": 0.5754921189561584
    },
    "random_forest": {
      "accuracy": 0.5844919786096257,
      "precision": 0.6041904761904762,
      "recall": 0.673202614379085,
      "f1": 0.63172274481944
    },
    "hist_gb": {
      "accuracy": 0.603030303030303,
      "precision": 0.6229509835971002,
      "recall": 0.6627450980392158,
      "f1": 0.6384565056195352
    }
  },
  "test": {
    "accuracy": 0.5476190476190477,
    "precision": 0.5517241379310345,
    "recall": 0.7272727272727273,
    "f1": 0.6274509803921569,
    "roc_auc": 0.5045454545454545
  },
  "unique_train_classes": [
    0,
    1
  ],
  "best_model": "hist_gb",
  "model_path": "data\\model_A.pkl"
}